{"classes": ["Gryffindor", "Hufflepuff", "Ravenclaw", "Slytherin"], "feature_names": ["Arithmancy", "Astronomy", "Herbology", "Defense Against the Dark Arts", "Divination", "Muggle Studies", "Ancient Runes", "History of Magic", "Transfiguration", "Potions", "Care of Magical Creatures", "Charms", "Flying"], "means": [49634.57024265645, 39.79713089016475, 1.1410195296768046, -0.38786349744178633, 3.1539096732863547, -224.58991486346417, 495.74797005915786, 2.9630946151165936, 1030.0969463871306, 5.950372992780089, -0.0534271367004963, -243.3744090125, 21.9580125], "stds": [16496.36189978288, 514.904736429893, 5.163925073157659, 5.16040249138473, 4.103030881423507, 480.8423325139229, 105.08265387187238, 4.364496027131785, 43.63982882393576, 3.117210254470139, 0.9589293997677882, 8.780894559533115, 97.60108742375692], "thetas": [[-3.406899374895364, -0.6854090143137676, 0.17513803851658624, -1.3362730701323906, -0.15696379330207547, 0.916046634477635, -0.0718971548048766, 0.9971533812925539, -0.6154284078184602, -0.9064312378754601, -0.24325029273714122, 0.06170047994600554, -0.27631467195552245, 0.8662168175182023], [-2.28728082993558, 0.26741203187841733, 1.341150440768357, 1.565875184300667, -1.448052330738264, 0.5155486369816068, -1.001860253356416, -1.4734910967566894, 0.8092918316864806, 0.5360880502107549, -0.2534194570683632, -0.0330062658268229, -0.05610000344199326, -0.5067861825796696], [-2.569064611757554, 0.2513853312159528, -0.8354014406008751, 0.7332260313675928, 0.8179219484517771, 0.25020800722452746, 1.068703608944437, 1.023142326698364, 0.0795375560476346, -0.10352473440601599, -0.0028474543951884546, 0.06687289777695003, 1.1351774287239274, 0.17852524079243032], [-3.604475995852187, 0.01804671463497584, -0.7905170685000863, -0.7399563887126436, 0.8424389873704063, -1.5877285065023659, -0.3275944712265664, -0.6868469700995679, -0.13554889744703122, 0.6683243855414557, 0.5983387664663473, -0.12834783553729326, -0.7329698794482817, -0.5541394506710583]]}